project,sha,module,victim,First_true_polluter_found_at,Positive_prediction(Class1)/Negative_prediction(Class0),Pair-Name
Activiti/Activiti,b11f757a48600e53aaf3fcb7a3ba1ece6c463cb4,activiti-spring-boot-starter,org.activiti.spring.boot.tasks.TaskRuntimeClaimReleaseTest.aCreateStandaloneTaskForGroup,1,Class1,org.activiti.spring.boot.tasks.TaskRuntimeClaimReleaseTest.aCreateStandaloneTaskForGroup,org.activiti.spring.boot.tasks.TaskRuntimeTaskAssigneeTest.cCreateStandaloneTaskForGroupAndClaim
Activiti/Activiti,b11f757a48600e53aaf3fcb7a3ba1ece6c463cb4,activiti-spring-boot-starter,org.activiti.spring.boot.tasks.TaskRuntimeClaimReleaseTest.gCleanUpWithAdmin,1,Class1,org.activiti.spring.boot.tasks.TaskRuntimeClaimReleaseTest.gCleanUpWithAdmin,org.activiti.spring.boot.tasks.TaskRuntimeTaskAssigneeTest.aCreateStandaloneTaskForAnotherAssignee
Activiti/Activiti,b11f757a48600e53aaf3fcb7a3ba1ece6c463cb4,activiti-spring-boot-starter,org.activiti.spring.boot.tasks.TaskRuntimeCompleteTaskTest.aCreateStandaloneTaskAndComplete,1,Class1,org.activiti.spring.boot.tasks.TaskRuntimeCompleteTaskTest.aCreateStandaloneTaskAndComplete,org.activiti.spring.boot.tasks.TaskRuntimeTaskAssigneeTest.cCreateStandaloneTaskForGroupAndClaim
Activiti/Activiti,b11f757a48600e53aaf3fcb7a3ba1ece6c463cb4,activiti-spring-boot-starter,org.activiti.spring.boot.tasks.TaskRuntimeCompleteTaskTest.bCreateStandaloneTask,4,Class1,org.activiti.spring.boot.tasks.TaskRuntimeCompleteTaskTest.bCreateStandaloneTask,org.activiti.spring.boot.tasks.TaskRuntimeTaskAssigneeTest.cCreateStandaloneTaskForGroupAndClaim
Activiti/Activiti,b11f757a48600e53aaf3fcb7a3ba1ece6c463cb4,activiti-spring-boot-starter,org.activiti.spring.boot.tasks.TaskRuntimeCompleteTaskTest.dCleanUpWithAdmin,1,Class1,org.activiti.spring.boot.tasks.TaskRuntimeCompleteTaskTest.dCleanUpWithAdmin,org.activiti.spring.boot.tasks.TaskRuntimeTaskAssigneeTest.cCreateStandaloneTaskForGroupAndClaim
Activiti/Activiti,b11f757a48600e53aaf3fcb7a3ba1ece6c463cb4,activiti-spring-boot-starter,org.activiti.spring.boot.tasks.TaskRuntimeDeleteTaskTest.aCreateStandaloneTaskAndDelete,1,Class1,org.activiti.spring.boot.tasks.TaskRuntimeDeleteTaskTest.aCreateStandaloneTaskAndDelete,org.activiti.spring.boot.tasks.TaskRuntimeTaskAssigneeTest.cCreateStandaloneTaskForGroupAndClaim
Activiti/Activiti,b11f757a48600e53aaf3fcb7a3ba1ece6c463cb4,activiti-spring-boot-starter,org.activiti.spring.boot.tasks.TaskRuntimeDeleteTaskTest.cCreateStandaloneGroupTaskClaimAndDeleteFail,1,Class1,org.activiti.spring.boot.tasks.TaskRuntimeDeleteTaskTest.cCreateStandaloneGroupTaskClaimAndDeleteFail,org.activiti.spring.boot.tasks.TaskRuntimeTaskAssigneeTest.aCreateStandaloneTaskForAnotherAssignee
Activiti/Activiti,b11f757a48600e53aaf3fcb7a3ba1ece6c463cb4,activiti-spring-boot-starter,org.activiti.spring.boot.tasks.TaskRuntimeDeleteTaskTest.fCleanUpWithAdmin,2,Class1,org.activiti.spring.boot.tasks.TaskRuntimeDeleteTaskTest.fCleanUpWithAdmin,org.activiti.spring.boot.tasks.TaskRuntimeTaskAssigneeTest.aCreateStandaloneTaskForAnotherAssignee
Activiti/Activiti,b11f757a48600e53aaf3fcb7a3ba1ece6c463cb4,activiti-spring-boot-starter,org.activiti.spring.boot.tasks.TaskRuntimeStandaloneTaskTest.cCleanUpWithAdmin,2,Class1,org.activiti.spring.boot.tasks.TaskRuntimeStandaloneTaskTest.cCleanUpWithAdmin,org.activiti.spring.boot.tasks.TaskRuntimeTaskAssigneeTest.aCreateStandaloneTaskForAnotherAssignee
Activiti/Activiti,b11f757a48600e53aaf3fcb7a3ba1ece6c463cb4,activiti-spring-boot-starter,org.activiti.spring.boot.tasks.TaskRuntimeTaskAssigneeTest.aCreateStandaloneTaskForAnotherAssignee,2,Class1,org.activiti.spring.boot.tasks.TaskRuntimeTaskAssigneeTest.aCreateStandaloneTaskForAnotherAssignee,org.activiti.spring.boot.tasks.TaskRuntimeDeleteTaskTest.cCreateStandaloneGroupTaskClaimAndDeleteFail
Activiti/Activiti,b11f757a48600e53aaf3fcb7a3ba1ece6c463cb4,activiti-spring-boot-starter,org.activiti.spring.boot.tasks.TaskRuntimeTaskAssigneeTest.dCleanUpWithAdmin,4,Class1,org.activiti.spring.boot.tasks.TaskRuntimeTaskAssigneeTest.dCleanUpWithAdmin,org.activiti.spring.boot.tasks.TaskRuntimeDeleteTaskTest.cCreateStandaloneGroupTaskClaimAndDeleteFail
Activiti/Activiti,b11f757a48600e53aaf3fcb7a3ba1ece6c463cb4,activiti-spring-boot-starter,org.activiti.spring.boot.tasks.TaskRuntimeTaskForOtherTest.aCreateStandaloneTaskWithNoCandidates,1,Class1,org.activiti.spring.boot.tasks.TaskRuntimeTaskForOtherTest.aCreateStandaloneTaskWithNoCandidates,org.activiti.spring.boot.tasks.TaskRuntimeTaskAssigneeTest.aCreateStandaloneTaskForAnotherAssignee
Activiti/Activiti,b11f757a48600e53aaf3fcb7a3ba1ece6c463cb4,activiti-spring-boot-starter,org.activiti.spring.boot.tasks.TaskRuntimeTaskForOtherTest.cCleanUpWithAdmin,1,Class1,org.activiti.spring.boot.tasks.TaskRuntimeTaskForOtherTest.cCleanUpWithAdmin,org.activiti.spring.boot.tasks.TaskRuntimeTaskAssigneeTest.aCreateStandaloneTaskForAnotherAssignee
Activiti/Activiti,b11f757a48600e53aaf3fcb7a3ba1ece6c463cb4,activiti-spring-boot-starter,org.activiti.spring.boot.tasks.TaskRuntimeUnAuthorizedTest.cCleanUpWithAdmin,1,Class1,org.activiti.spring.boot.tasks.TaskRuntimeUnAuthorizedTest.cCleanUpWithAdmin,org.activiti.spring.boot.tasks.TaskRuntimeTaskAssigneeTest.aCreateStandaloneTaskForAnotherAssignee
Activiti/Activiti,b11f757a48600e53aaf3fcb7a3ba1ece6c463cb4,activiti-spring-boot-starter,org.activiti.spring.boot.tasks.TaskRuntimeStandaloneTaskTest.aCreateStandaloneTaskForSalaboy,1(0+1),Class0,org.activiti.spring.boot.tasks.TaskRuntimeStandaloneTaskTest.aCreateStandaloneTaskForSalaboy,org.activiti.spring.boot.tasks.TaskRuntimeTaskAssigneeTest.aCreateStandaloneTaskForAnotherAssignee
Activiti/Activiti,b11f757a48600e53aaf3fcb7a3ba1ece6c463cb4,activiti-spring-boot-starter,org.activiti.spring.boot.tasks.TaskRuntimeStandaloneTaskTest.bCreateStandaloneTaskForGroup,2(0+2),Class0,org.activiti.spring.boot.tasks.TaskRuntimeStandaloneTaskTest.bCreateStandaloneTaskForGroup,org.activiti.spring.boot.tasks.TaskRuntimeTaskAssigneeTest.aCreateStandaloneTaskForAnotherAssignee
Activiti/Activiti,b11f757a48600e53aaf3fcb7a3ba1ece6c463cb4,activiti-spring-boot-starter,org.activiti.spring.boot.tasks.TaskRuntimeTaskAssigneeTest.cCreateStandaloneTaskForGroupAndClaim,1(0+1),Class0,org.activiti.spring.boot.tasks.TaskRuntimeTaskAssigneeTest.cCreateStandaloneTaskForGroupAndClaim,org.activiti.spring.boot.tasks.TaskRuntimeTaskAssigneeTest.aCreateStandaloneTaskForAnotherAssignee
Apache/Struts,13d9053050c9e4fb2ef049db6a37d3f6eebf48fa,plugins/portlet,org.apache.struts2.components.PortletUrlRendererTest.testIsPortelModeChanged,1,Class1,org.apache.struts2.components.PortletUrlRendererTest.testIsPortelModeChanged,org.apache.struts2.portlet.dispatcher.Jsr168DispatcherTest.testModeChangeUsingPortletWidgets
Apache/Struts,13d9053050c9e4fb2ef049db6a37d3f6eebf48fa,plugins/portlet,org.apache.struts2.components.PortletUrlRendererTest.testRenderUrlWithNamespace,1,Class1,org.apache.struts2.components.PortletUrlRendererTest.testRenderUrlWithNamespace,org.apache.struts2.portlet.dispatcher.Jsr168DispatcherTest.testRender_ok
Apache/Struts,13d9053050c9e4fb2ef049db6a37d3f6eebf48fa,plugins/portlet,org.apache.struts2.portlet.dispatcher.Jsr168DispatcherTest.testProcessAction_ok,1,Class1,org.apache.struts2.portlet.dispatcher.Jsr168DispatcherTest.testProcessAction_ok,org.apache.struts2.portlet.dispatcher.Jsr168DispatcherTest.testModeChangeUsingPortletWidgets
Apache/Struts,13d9053050c9e4fb2ef049db6a37d3f6eebf48fa,plugins/portlet,org.apache.struts2.portlet.dispatcher.Jsr286DispatcherTest.testModeChangeUsingPortletWidgets,1,Class1,org.apache.struts2.portlet.dispatcher.Jsr286DispatcherTest.testModeChangeUsingPortletWidgets,org.apache.struts2.portlet.dispatcher.Jsr168DispatcherTest.testRender_ok
Apache/Struts,13d9053050c9e4fb2ef049db6a37d3f6eebf48fa,plugins/portlet,org.apache.struts2.portlet.dispatcher.Jsr286DispatcherTest.testProcessAction_ok,1,Class1,org.apache.struts2.portlet.dispatcher.Jsr286DispatcherTest.testProcessAction_ok,org.apache.struts2.portlet.dispatcher.Jsr168DispatcherTest.testModeChangeUsingPortletWidgets
Apache/Struts,13d9053050c9e4fb2ef049db6a37d3f6eebf48fa,plugins/portlet,org.apache.struts2.portlet.dispatcher.Jsr286DispatcherTest.testRender_ok,1,Class1,org.apache.struts2.portlet.dispatcher.Jsr286DispatcherTest.testRender_ok,org.apache.struts2.portlet.dispatcher.Jsr168DispatcherTest.testRender_ok
Apache/Struts,13d9053050c9e4fb2ef049db6a37d3f6eebf48fa,plugins/portlet,org.apache.struts2.portlet.interceptor.PortletStateInterceptorTest.testCopyValueStackFromEventToRenderPhase,1,Class1,org.apache.struts2.portlet.interceptor.PortletStateInterceptorTest.testCopyValueStackFromEventToRenderPhase,org.apache.struts2.portlet.dispatcher.Jsr168DispatcherTest.testModeChangeUsingPortletWidgets
Apache/Struts,13d9053050c9e4fb2ef049db6a37d3f6eebf48fa,plugins/portlet,org.apache.struts2.portlet.interceptor.PortletStateInterceptorTest.testDoNotRestoreValueStackInRenderPhaseWhenProperPrg,1,Class1,org.apache.struts2.portlet.interceptor.PortletStateInterceptorTest.testDoNotRestoreValueStackInRenderPhaseWhenProperPrg,org.apache.struts2.portlet.dispatcher.Jsr168DispatcherTest.testRender_ok
Apache/Struts,13d9053050c9e4fb2ef049db6a37d3f6eebf48fa,plugins/portlet,org.apache.struts2.portlet.interceptor.PortletStateInterceptorTest.testRestoreValueStackInRenderPhaseWhenNotProperPrg,1,Class1,org.apache.struts2.portlet.interceptor.PortletStateInterceptorTest.testRestoreValueStackInRenderPhaseWhenNotProperPrg,org.apache.struts2.portlet.dispatcher.Jsr286DispatcherTest.testRender_ok
Apache/Struts,13d9053050c9e4fb2ef049db6a37d3f6eebf48fa,plugins/portlet,org.apache.struts2.views.jsp.PortletUrlTagTest.testActionUrl,1,Class1,org.apache.struts2.views.jsp.PortletUrlTagTest.testActionUrl,org.apache.struts2.portlet.dispatcher.Jsr168DispatcherTest.testRender_ok
Apache/Struts,13d9053050c9e4fb2ef049db6a37d3f6eebf48fa,plugins/portlet,org.apache.struts2.views.jsp.PortletUrlTagTest.testEnsureParamsAreStringArrays,1,Class1,org.apache.struts2.views.jsp.PortletUrlTagTest.testEnsureParamsAreStringArrays,org.apache.struts2.portlet.dispatcher.Jsr168DispatcherTest.testRender_ok
Apache/Struts,13d9053050c9e4fb2ef049db6a37d3f6eebf48fa,plugins/portlet,org.apache.struts2.views.jsp.PortletUrlTagTest.testResourceUrl,1,Class1,org.apache.struts2.views.jsp.PortletUrlTagTest.testResourceUrl,org.apache.struts2.portlet.dispatcher.Jsr168DispatcherTest.testModeChangeUsingPortletWidgets
Apache/Struts,13d9053050c9e4fb2ef049db6a37d3f6eebf48fa,plugins/portlet,org.apache.struts2.views.jsp.PortletUrlTagTest.testResourceUrlWithNestedParam,1,Class1,org.apache.struts2.views.jsp.PortletUrlTagTest.testResourceUrlWithNestedParam,org.apache.struts2.portlet.dispatcher.Jsr168DispatcherTest.testModeChangeUsingPortletWidgets
Apache/Struts,13d9053050c9e4fb2ef049db6a37d3f6eebf48fa,plugins/portlet,org.apache.struts2.views.jsp.PortletUrlTagTest.testResourceUrlWithTwoNestedParam,1,Class1,org.apache.struts2.views.jsp.PortletUrlTagTest.testResourceUrlWithTwoNestedParam,org.apache.struts2.portlet.dispatcher.Jsr168DispatcherTest.testRender_ok
Apache/Struts,13d9053050c9e4fb2ef049db6a37d3f6eebf48fa,plugins/portlet,org.apache.struts2.views.jsp.PortletUrlTagTest.testSetPortletMode,1,Class1,org.apache.struts2.views.jsp.PortletUrlTagTest.testSetPortletMode,org.apache.struts2.portlet.dispatcher.Jsr286DispatcherTest.testRender_ok
Apache/Struts,13d9053050c9e4fb2ef049db6a37d3f6eebf48fa,plugins/portlet,org.apache.struts2.views.jsp.PortletUrlTagTest.testSetWindowState,1,Class1,org.apache.struts2.views.jsp.PortletUrlTagTest.testSetWindowState,org.apache.struts2.portlet.dispatcher.Jsr286DispatcherTest.testRender_ok
Apache/Struts,13d9053050c9e4fb2ef049db6a37d3f6eebf48fa,plugins/portlet,org.apache.struts2.views.jsp.PortletUrlTagTest.testUrlWithMethod,1,Class1,org.apache.struts2.views.jsp.PortletUrlTagTest.testUrlWithMethod,org.apache.struts2.portlet.dispatcher.Jsr168DispatcherTest.testRender_ok
Apache/Struts,13d9053050c9e4fb2ef049db6a37d3f6eebf48fa,plugins/portlet,org.apache.struts2.views.jsp.PortletUrlTagTest.testUrlWithNoActionOrMethod,1,Class1,org.apache.struts2.views.jsp.PortletUrlTagTest.testUrlWithNoActionOrMethod,org.apache.struts2.portlet.dispatcher.Jsr168DispatcherTest.testRender_ok
Apache/Struts,13d9053050c9e4fb2ef049db6a37d3f6eebf48fa,plugins/portlet,org.apache.struts2.views.jsp.PortletUrlTagTest.testUrlWithQueryParams,1,Class1,org.apache.struts2.views.jsp.PortletUrlTagTest.testUrlWithQueryParams,org.apache.struts2.portlet.dispatcher.Jsr168DispatcherTest.testRender_ok
Apache/Struts,13d9053050c9e4fb2ef049db6a37d3f6eebf48fa,plugins/portlet,org.apache.struts2.views.jsp.PortletUrlTagTest.testWhenPortletModeDiffersFromCurrentAndNoParametersAreSetRenderTheDefaults,1,Class1,org.apache.struts2.views.jsp.PortletUrlTagTest.testWhenPortletModeDiffersFromCurrentAndNoParametersAreSetRenderTheDefaults,org.apache.struts2.portlet.dispatcher.Jsr168DispatcherTest.testRender_ok
Apache/Struts,13d9053050c9e4fb2ef049db6a37d3f6eebf48fa,plugins/portlet,org.apache.struts2.portlet.dispatcher.Jsr168DispatcherTest.testModeChangeUsingPortletWidgets,1(0+1),Class0,org.apache.struts2.portlet.dispatcher.Jsr168DispatcherTest.testModeChangeUsingPortletWidgets,org.apache.struts2.portlet.dispatcher.Jsr286DispatcherTest.testModeChangeUsingPortletWidgets
Apache/Struts,13d9053050c9e4fb2ef049db6a37d3f6eebf48fa,plugins/portlet,org.apache.struts2.portlet.dispatcher.Jsr168DispatcherTest.testRender_ok,1(0+1),Class0,org.apache.struts2.portlet.dispatcher.Jsr168DispatcherTest.testRender_ok,org.apache.struts2.portlet.dispatcher.Jsr286DispatcherTest.testModeChangeUsingPortletWidgets
apache/hadoop,cc1babc1f75c93bf89a8f10da525f944c15d02ea,hadoop-hdfs-project/hadoop-hdfs-nfs,org.apache.hadoop.hdfs.nfs.nfs3.TestWrites.testOverlappingWrites,1,Class1,org.apache.hadoop.hdfs.nfs.nfs3.TestWrites.testOverlappingWrites,org.apache.hadoop.hdfs.nfs.nfs3.TestDFSClientCache.testGetUserGroupInformationSecure
apache/hadoop,cc1babc1f75c93bf89a8f10da525f944c15d02ea,hadoop-hdfs-project/hadoop-hdfs-nfs,org.apache.hadoop.hdfs.nfs.nfs3.TestWrites.testWriteStableHow,1,Class1,org.apache.hadoop.hdfs.nfs.nfs3.TestWrites.testWriteStableHow,org.apache.hadoop.hdfs.nfs.nfs3.TestClientAccessPrivilege.testClientAccessPrivilegeForRemove
apache/hadoop,cc1babc1f75c93bf89a8f10da525f944c15d02ea,hadoop-hdfs-project/hadoop-hdfs-nfs,org.apache.hadoop.hdfs.nfs.nfs3.TestWrites.testOOOWrites,1(0+1),Class0,org.apache.hadoop.hdfs.nfs.nfs3.TestWrites.testOOOWrites,org.apache.hadoop.hdfs.nfs.nfs3.TestClientAccessPrivilege.testClientAccessPrivilegeForRemove
apache/hadoop,cc1babc1f75c93bf89a8f10da525f944c15d02ea,hadoop-mapreduce-project/hadoop-mapreduce-client/hadoop-mapreduce-client-app,org.apache.hadoop.mapreduce.v2.app.TestMRAppMaster.testMRAppMasterFailLock,1,Class1,org.apache.hadoop.mapreduce.v2.app.TestMRAppMaster.testMRAppMasterFailLock,org.apache.hadoop.mapreduce.jobhistory.TestJobHistoryEventHandler.testSigTermedFunctionality
apache/hadoop,cc1babc1f75c93bf89a8f10da525f944c15d02ea,hadoop-mapreduce-project/hadoop-mapreduce-client/hadoop-mapreduce-client-app,org.apache.hadoop.mapreduce.v2.app.TestMRAppMaster.testMRAppMasterMidLock,1,Class1,org.apache.hadoop.mapreduce.v2.app.TestMRAppMaster.testMRAppMasterMidLock,org.apache.hadoop.mapreduce.jobhistory.TestJobHistoryEventHandler.testSigTermedFunctionality
apache/hadoop,cc1babc1f75c93bf89a8f10da525f944c15d02ea,hadoop-mapreduce-project/hadoop-mapreduce-client/hadoop-mapreduce-client-app,org.apache.hadoop.mapreduce.v2.app.TestMRAppMaster.testMRAppMasterSuccessLock,1,Class1,org.apache.hadoop.mapreduce.v2.app.TestMRAppMaster.testMRAppMasterSuccessLock,org.apache.hadoop.mapreduce.jobhistory.TestJobHistoryEventHandler.testSigTermedFunctionality
apache/hadoop,cc1babc1f75c93bf89a8f10da525f944c15d02ea,hadoop-mapreduce-project/hadoop-mapreduce-client/hadoop-mapreduce-client-core,org.apache.hadoop.mapred.TestTaskProgressReporter.testTaskProgress,1,Class1,org.apache.hadoop.mapred.TestTaskProgressReporter.testTaskProgress,org.apache.hadoop.mapred.TestTaskProgressReporter.testScratchDirSize
apache/hadoop,cc1babc1f75c93bf89a8f10da525f944c15d02ea,hadoop-mapreduce-project/hadoop-mapreduce-client/hadoop-mapreduce-client-hs,org.apache.hadoop.mapreduce.v2.hs.TestJobHistoryParsing.testHistoryParsing,1,Class1,org.apache.hadoop.mapreduce.v2.hs.TestJobHistoryParsing.testHistoryParsing,org.apache.hadoop.mapreduce.v2.hs.TestJobHistoryEvents.testHistoryEvents
apache/hadoop,cc1babc1f75c93bf89a8f10da525f944c15d02ea,hadoop-mapreduce-project/hadoop-mapreduce-client/hadoop-mapreduce-client-hs,org.apache.hadoop.mapreduce.v2.hs.TestJobHistoryParsing.testHistoryParsingForFailedAttempts,1,Class1,org.apache.hadoop.mapreduce.v2.hs.TestJobHistoryParsing.testHistoryParsingForFailedAttempts,org.apache.hadoop.mapreduce.v2.hs.TestJobHistoryEvents.testEventsFlushOnStop
apache/hadoop,cc2babc1f75c93bf89a8f10da525f944c15d02ea,hadoop-common-project/hadoop-auth,org.apache.hadoop.security.authentication.util.TestKerberosName.testRules,1,Class1,org.apache.hadoop.security.authentication.util.TestKerberosName.testRules,org.apache.hadoop.security.authentication.util.TestKerberosUtil.testGetServerPrincipal
apache/incubator-dubbo,737f7a7ea67832d7f17517326fb2491d0a086dd7,dubbo-cluster,org.apache.dubbo.rpc.cluster.StickyTest.testStickyNoCheck,1,Class1,org.apache.dubbo.rpc.cluster.StickyTest.testStickyNoCheck,org.apache.dubbo.rpc.cluster.StickyTest.testStickyForceCheck
apache/incubator-dubbo,737f7a7ea67832d7f17517326fb2491d0a086dd7,dubbo-cluster,org.apache.dubbo.rpc.cluster.support.AbstractClusterInvokerTest.testBindingAttachment,1,Class1,org.apache.dubbo.rpc.cluster.support.AbstractClusterInvokerTest.testBindingAttachment,org.apache.dubbo.rpc.cluster.router.tag.TagRouterTest.testRoute_requestWithTag_shouldDowngrade
apache/incubator-dubbo,737f7a7ea67832d7f17517326fb2491d0a086dd7,dubbo-cluster,org.apache.dubbo.rpc.cluster.support.ForkingClusterInvokerTest.testClearRpcContext,1,Class1,org.apache.dubbo.rpc.cluster.support.ForkingClusterInvokerTest.testClearRpcContext,org.apache.dubbo.rpc.cluster.router.tag.TagRouterTest.testRoute_matchTag
apache/incubator-dubbo,737f7a7ea67832d7f17517326fb2491d0a086dd7,dubbo-common,org.apache.dubbo.common.threadlocal.InternalThreadLocalTest.testSize,1,Class1,org.apache.dubbo.common.threadlocal.InternalThreadLocalTest.testSize,org.apache.dubbo.common.threadlocal.InternalThreadLocalTest.testSetAndGet
apache/incubator-dubbo,737f7a7ea67832d7f17517326fb2491d0a086dd7,dubbo-filter/dubbo-filter-cache,org.apache.dubbo.cache.support.jcache.JCacheFactoryTest.testJCacheGetExpired,1,Class1,org.apache.dubbo.cache.support.jcache.JCacheFactoryTest.testJCacheGetExpired,org.apache.dubbo.cache.support.jcache.JCacheFactoryTest.testJCacheFactory
apache/incubator-dubbo,737f7a7ea67832d7f17517326fb2491d0a086dd7,dubbo-rpc/dubbo-rpc-api,org.apache.dubbo.rpc.proxy.javassist.JavassistProxyFactoryTest.testGetInvoker,1,Class1,org.apache.dubbo.rpc.proxy.javassist.JavassistProxyFactoryTest.testGetInvoker,org.apache.dubbo.rpc.RpcContextTest.testAsync
apache/incubator-dubbo,737f7a7ea67832d7f17517326fb2491d0a086dd7,dubbo-rpc/dubbo-rpc-api,org.apache.dubbo.rpc.proxy.jdk.JdkProxyFactoryTest.testGetInvoker,1,Class1,org.apache.dubbo.rpc.proxy.jdk.JdkProxyFactoryTest.testGetInvoker,org.apache.dubbo.rpc.RpcContextTest.testAsync
apache/incubator-dubbo,737f7a7ea67832d7f17517326fb2491d0a086dd7,dubbo-rpc/dubbo-rpc-dubbo,org.apache.dubbo.rpc.protocol.dubbo.telnet.ChangeTelnetHandlerTest.testChangeServiceNotExport,1,Class1,org.apache.dubbo.rpc.protocol.dubbo.telnet.ChangeTelnetHandlerTest.testChangeServiceNotExport,org.apache.dubbo.rpc.protocol.dubbo.ReferenceCountExchangeClientTest.test_counter_error
apache/incubator-dubbo,737f7a7ea67832d7f17517326fb2491d0a086dd7,dubbo-serialization/dubbo-serialization-fst,org.apache.dubbo.common.serialize.fst.FstObjectInputTest.testEmptyByteArrayForEmptyInput,1,Class1,org.apache.dubbo.common.serialize.fst.FstObjectInputTest.testEmptyByteArrayForEmptyInput,org.apache.dubbo.common.serialize.fst.FstObjectOutputTest.testWriteDouble
apache/incubator-dubbo,737f7a7ea67832d7f17517326fb2491d0a086dd7,dubbo-serialization/dubbo-serialization-fst,org.apache.dubbo.common.serialize.fst.FstObjectOutputTest.testWriteBool,1,Class1,org.apache.dubbo.common.serialize.fst.FstObjectOutputTest.testWriteBool,org.apache.dubbo.common.serialize.fst.FstObjectInputTest.testWrongClassInput
apache/incubator-dubbo,737f7a7ea67832d7f17517326fb2491d0a086dd7,dubbo-serialization/dubbo-serialization-fst,org.apache.dubbo.common.serialize.fst.FstObjectOutputTest.testWriteObject,1,Class1,org.apache.dubbo.common.serialize.fst.FstObjectOutputTest.testWriteObject,org.apache.dubbo.common.serialize.fst.FstObjectInputTest.testWrongClassInput
c2mon/c2mon,d80687b119c713dd177a58cf53a997d8cc5ca264,c2mon-server/c2mon-server-elasticsearch,cern.c2mon.server.elasticsearch.tag.config.TagConfigDocumentIndexerTests.reindexTagConfigDocuments,1,Class1,cern.c2mon.server.elasticsearch.tag.config.TagConfigDocumentIndexerTests.reindexTagConfigDocuments,cern.c2mon.server.elasticsearch.tag.config.TagConfigDocumentIndexerTests.addDataTag
c2mon/c2mon,d80687b119c713dd177a58cf53a997d8cc5ca264,c2mon-server/c2mon-server-elasticsearch,cern.c2mon.server.elasticsearch.tag.TagDocumentIndexerTests.indexTags,1,Class1,cern.c2mon.server.elasticsearch.tag.TagDocumentIndexerTests.indexTags,cern.c2mon.server.elasticsearch.tag.config.TagConfigDocumentIndexerTests.addDataTag
ctco/cukes,b483e1a8f261b80a66291a42fc455256b0b5059c,cukes-http,lv.ctco.cukes.http.facade.HttpAssertionFacadeImplTest.shouldReturnBodyWhenEnabledAndNoMax,1,Class1,lv.ctco.cukes.http.facade.HttpAssertionFacadeImplTest.shouldReturnBodyWhenEnabledAndNoMax,lv.ctco.cukes.http.facade.HttpAssertionFacadeImplTest.shouldNotReturnBodyWhenEnabledButLongerThanMaxSize
dropwizard/dropwizard,07dfaed697427e208d65049f80a5d1949833b7cd,dropwizard-logging,io.dropwizard.logging.DefaultLoggingFactoryPrintErrorMessagesTest.testLogbackStatusPrinterPrintStreamIsRestoredToSystemOut,1,Class1,io.dropwizard.logging.DefaultLoggingFactoryPrintErrorMessagesTest.testLogbackStatusPrinterPrintStreamIsRestoredToSystemOut,io.dropwizard.logging.ThrottlingAppenderWrapperTest.belowThrottlingLimit
elasticjob/elastic-job-lite,b022898ef1b8c984e17efb2a422ee45f6b13e46e,elastic-job-lite-core,io.elasticjob.lite.integrate.std.dataflow.OneOffDataflowElasticJobTest.assertJobInit,1,Class1,io.elasticjob.lite.integrate.std.dataflow.OneOffDataflowElasticJobTest.assertJobInit,io.elasticjob.lite.internal.schedule.JobRegistryTest.assertGetCurrentShardingTotalCountIfNotNull
elasticjob/elastic-job-lite,b022898ef1b8c984e17efb2a422ee45f6b13e46e,elastic-job-lite-core,io.elasticjob.lite.integrate.std.dataflow.StreamingDataflowElasticJobForExecuteFailureTest.assertJobInit,1,Class1,io.elasticjob.lite.integrate.std.dataflow.StreamingDataflowElasticJobForExecuteFailureTest.assertJobInit,io.elasticjob.lite.internal.schedule.JobRegistryTest.assertGetCurrentShardingTotalCountIfNotNull
elasticjob/elastic-job-lite,b022898ef1b8c984e17efb2a422ee45f6b13e46e,elastic-job-lite-core,io.elasticjob.lite.integrate.std.dataflow.StreamingDataflowElasticJobForExecuteThrowsExceptionTest.assertJobInit,1,Class1,io.elasticjob.lite.integrate.std.dataflow.StreamingDataflowElasticJobForExecuteThrowsExceptionTest.assertJobInit,io.elasticjob.lite.internal.schedule.JobRegistryTest.assertGetCurrentShardingTotalCountIfNotNull
elasticjob/elastic-job-lite,b022898ef1b8c984e17efb2a422ee45f6b13e46e,elastic-job-lite-core,io.elasticjob.lite.integrate.std.dataflow.StreamingDataflowElasticJobForMultipleThreadsTest.assertJobInit,1,Class1,io.elasticjob.lite.integrate.std.dataflow.StreamingDataflowElasticJobForMultipleThreadsTest.assertJobInit,io.elasticjob.lite.internal.schedule.JobRegistryTest.assertGetCurrentShardingTotalCountIfNotNull
elasticjob/elastic-job-lite,b022898ef1b8c984e17efb2a422ee45f6b13e46e,elastic-job-lite-core,io.elasticjob.lite.integrate.std.dataflow.StreamingDataflowElasticJobForNotMonitorTest.assertJobInit,1,Class1,io.elasticjob.lite.integrate.std.dataflow.StreamingDataflowElasticJobForNotMonitorTest.assertJobInit,io.elasticjob.lite.internal.schedule.JobRegistryTest.assertGetCurrentShardingTotalCountIfNotNull
elasticjob/elastic-job-lite,b022898ef1b8c984e17efb2a422ee45f6b13e46e,elastic-job-lite-core,io.elasticjob.lite.integrate.std.dataflow.StreamingDataflowElasticJobTest.assertJobInit,1,Class1,io.elasticjob.lite.integrate.std.dataflow.StreamingDataflowElasticJobTest.assertJobInit,io.elasticjob.lite.internal.schedule.JobRegistryTest.assertGetCurrentShardingTotalCountIfNotNull
elasticjob/elastic-job-lite,b022898ef1b8c984e17efb2a422ee45f6b13e46e,elastic-job-lite-core,io.elasticjob.lite.integrate.std.script.ScriptElasticJobTest.assertJobInit,1,Class1,io.elasticjob.lite.integrate.std.script.ScriptElasticJobTest.assertJobInit,io.elasticjob.lite.internal.schedule.JobRegistryTest.assertGetCurrentShardingTotalCountIfNotNull
elasticjob/elastic-job-lite,b022898ef1b8c984e17efb2a422ee45f6b13e46e,elastic-job-lite-core,io.elasticjob.lite.integrate.std.simple.DisabledJobTest.assertJobInit,1,Class1,io.elasticjob.lite.integrate.std.simple.DisabledJobTest.assertJobInit,io.elasticjob.lite.internal.schedule.JobRegistryTest.assertGetCurrentShardingTotalCountIfNotNull
elasticjob/elastic-job-lite,b022898ef1b8c984e17efb2a422ee45f6b13e46e,elastic-job-lite-core,io.elasticjob.lite.integrate.std.simple.SimpleElasticJobTest.assertJobInit,1,Class1,io.elasticjob.lite.integrate.std.simple.SimpleElasticJobTest.assertJobInit,io.elasticjob.lite.internal.schedule.JobRegistryTest.assertGetCurrentShardingTotalCountIfNotNull
elasticjob/elastic-job-lite,b022898ef1b8c984e17efb2a422ee45f6b13e46e,elastic-job-lite-core,io.elasticjob.lite.internal.failover.FailoverServiceTest.assertGetLocalFailoverItemsIfShutdown,1,Class1,io.elasticjob.lite.internal.failover.FailoverServiceTest.assertGetLocalFailoverItemsIfShutdown,io.elasticjob.lite.internal.instance.ShutdownListenerManagerTest.assertRemoveLocalInstancePath
elasticjob/elastic-job-lite,b022898ef1b8c984e17efb2a422ee45f6b13e46e,elastic-job-lite-core,io.elasticjob.lite.internal.monitor.MonitorServiceDisableTest.assertMonitorWithDumpCommand,1,Class1,io.elasticjob.lite.internal.monitor.MonitorServiceDisableTest.assertMonitorWithDumpCommand,io.elasticjob.lite.internal.schedule.JobRegistryTest.assertGetCurrentShardingTotalCountIfNotNull
elasticjob/elastic-job-lite,b022898ef1b8c984e17efb2a422ee45f6b13e46e,elastic-job-lite-core,io.elasticjob.lite.internal.monitor.MonitorServiceEnableTest.assertMonitorWithCommand,1,Class1,io.elasticjob.lite.internal.monitor.MonitorServiceEnableTest.assertMonitorWithCommand,io.elasticjob.lite.internal.schedule.JobRegistryTest.assertGetCurrentShardingTotalCountIfNotNull
elasticjob/elastic-job-lite,b022898ef1b8c984e17efb2a422ee45f6b13e46e,elastic-job-lite-core,io.elasticjob.lite.internal.schedule.JobRegistryTest.assertGetCurrentShardingTotalCountIfNull,1,Class1,io.elasticjob.lite.internal.schedule.JobRegistryTest.assertGetCurrentShardingTotalCountIfNull,io.elasticjob.lite.internal.schedule.JobRegistryTest.assertGetCurrentShardingTotalCountIfNotNull
elasticjob/elastic-job-lite,b022898ef1b8c984e17efb2a422ee45f6b13e46e,elastic-job-lite-core,io.elasticjob.lite.reg.zookeeper.ZookeeperRegistryCenterModifyTest.assertPersistEphemeralSequential,1,Class1,io.elasticjob.lite.reg.zookeeper.ZookeeperRegistryCenterModifyTest.assertPersistEphemeralSequential,io.elasticjob.lite.reg.zookeeper.ZookeeperRegistryCenterModifyTest.assertPersistSequential
jhipster/jhipster-registry,00db36611da5fc7aaf9d5372aa90f2465d80c0c4,.,io.github.jhipster.registry.web.rest.AccountResourceTest.testGetUnknownAccount,1,Class1,io.github.jhipster.registry.web.rest.AccountResourceTest.testGetUnknownAccount,io.github.jhipster.registry.web.rest.errors.ExceptionTranslatorTest.processParameterizedValidationErrorTest
jhipster/jhipster-registry,00db36611da5fc7aaf9d5372aa90f2465d80c0c4,.,io.github.jhipster.registry.web.rest.errors.ExceptionTranslatorTest.processMethodNotSupportedExceptionTest,1,Class1,io.github.jhipster.registry.web.rest.errors.ExceptionTranslatorTest.processMethodNotSupportedExceptionTest,io.github.jhipster.registry.web.rest.AccountResourceTest.testGetUnknownAccount
jhipster/jhipster-registry,00db36611da5fc7aaf9d5372aa90f2465d80c0c4,.,io.github.jhipster.registry.web.rest.errors.ExceptionTranslatorTest.processValidationErrorTest,1,Class1,io.github.jhipster.registry.web.rest.errors.ExceptionTranslatorTest.processValidationErrorTest,io.github.jhipster.registry.web.rest.AccountResourceTest.testGetUnknownAccount
kevinsawicki/http-request,2d62a3e9da726942a93cf16b6e91c0187e6c0136,lib,com.github.kevinsawicki.http.HttpRequestTest.basicProxyAuthentication,1,Class1,com.github.kevinsawicki.http.HttpRequestTest.basicProxyAuthentication,com.github.kevinsawicki.http.HttpRequestTest.customConnectionFactory
kevinsawicki/http-request,2d62a3e9da726942a93cf16b6e91c0187e6c0136,lib,com.github.kevinsawicki.http.HttpRequestTest.deleteWithEscapedMappedQueryParams,1,Class1,com.github.kevinsawicki.http.HttpRequestTest.deleteWithEscapedMappedQueryParams,com.github.kevinsawicki.http.HttpRequestTest.customConnectionFactory
kevinsawicki/http-request,2d62a3e9da726942a93cf16b6e91c0187e6c0136,lib,com.github.kevinsawicki.http.HttpRequestTest.deleteWithEscapedVarargsQueryParams,1,Class1,com.github.kevinsawicki.http.HttpRequestTest.deleteWithEscapedVarargsQueryParams,com.github.kevinsawicki.http.HttpRequestTest.customConnectionFactory
kevinsawicki/http-request,2d62a3e9da726942a93cf16b6e91c0187e6c0136,lib,com.github.kevinsawicki.http.HttpRequestTest.deleteWithMappedQueryParams,1,Class1,com.github.kevinsawicki.http.HttpRequestTest.deleteWithMappedQueryParams,com.github.kevinsawicki.http.HttpRequestTest.customConnectionFactory
kevinsawicki/http-request,2d62a3e9da726942a93cf16b6e91c0187e6c0136,lib,com.github.kevinsawicki.http.HttpRequestTest.deleteWithVarargsQueryParams,1,Class1,com.github.kevinsawicki.http.HttpRequestTest.deleteWithVarargsQueryParams,com.github.kevinsawicki.http.HttpRequestTest.customConnectionFactory
kevinsawicki/http-request,2d62a3e9da726942a93cf16b6e91c0187e6c0136,lib,com.github.kevinsawicki.http.HttpRequestTest.getUrlEncodedWithPercent,1,Class1,com.github.kevinsawicki.http.HttpRequestTest.getUrlEncodedWithPercent,com.github.kevinsawicki.http.HttpRequestTest.customConnectionFactory
kevinsawicki/http-request,2d62a3e9da726942a93cf16b6e91c0187e6c0136,lib,com.github.kevinsawicki.http.HttpRequestTest.getUrlEncodedWithSpace,1,Class1,com.github.kevinsawicki.http.HttpRequestTest.getUrlEncodedWithSpace,com.github.kevinsawicki.http.HttpRequestTest.customConnectionFactory
kevinsawicki/http-request,2d62a3e9da726942a93cf16b6e91c0187e6c0136,lib,com.github.kevinsawicki.http.HttpRequestTest.getUrlEncodedWithUnicode,1,Class1,com.github.kevinsawicki.http.HttpRequestTest.getUrlEncodedWithUnicode,com.github.kevinsawicki.http.HttpRequestTest.customConnectionFactory
kevinsawicki/http-request,2d62a3e9da726942a93cf16b6e91c0187e6c0136,lib,com.github.kevinsawicki.http.HttpRequestTest.getWithEscapedMappedQueryParams,1,Class1,com.github.kevinsawicki.http.HttpRequestTest.getWithEscapedMappedQueryParams,com.github.kevinsawicki.http.HttpRequestTest.customConnectionFactory
kevinsawicki/http-request,2d62a3e9da726942a93cf16b6e91c0187e6c0136,lib,com.github.kevinsawicki.http.HttpRequestTest.getWithEscapedVarargsQueryParams,1,Class1,com.github.kevinsawicki.http.HttpRequestTest.getWithEscapedVarargsQueryParams,com.github.kevinsawicki.http.HttpRequestTest.customConnectionFactory
kevinsawicki/http-request,2d62a3e9da726942a93cf16b6e91c0187e6c0136,lib,com.github.kevinsawicki.http.HttpRequestTest.getWithMappedQueryParams,1,Class1,com.github.kevinsawicki.http.HttpRequestTest.getWithMappedQueryParams,com.github.kevinsawicki.http.HttpRequestTest.customConnectionFactory
kevinsawicki/http-request,2d62a3e9da726942a93cf16b6e91c0187e6c0136,lib,com.github.kevinsawicki.http.HttpRequestTest.getWithVarargsQueryParams,1,Class1,com.github.kevinsawicki.http.HttpRequestTest.getWithVarargsQueryParams,com.github.kevinsawicki.http.HttpRequestTest.customConnectionFactory
kevinsawicki/http-request,2d62a3e9da726942a93cf16b6e91c0187e6c0136,lib,com.github.kevinsawicki.http.HttpRequestTest.headWithEscapedMappedQueryParams,1,Class1,com.github.kevinsawicki.http.HttpRequestTest.headWithEscapedMappedQueryParams,com.github.kevinsawicki.http.HttpRequestTest.customConnectionFactory
kevinsawicki/http-request,2d62a3e9da726942a93cf16b6e91c0187e6c0136,lib,com.github.kevinsawicki.http.HttpRequestTest.headWithEscapedVarargsQueryParams,1,Class1,com.github.kevinsawicki.http.HttpRequestTest.headWithEscapedVarargsQueryParams,com.github.kevinsawicki.http.HttpRequestTest.customConnectionFactory
kevinsawicki/http-request,2d62a3e9da726942a93cf16b6e91c0187e6c0136,lib,com.github.kevinsawicki.http.HttpRequestTest.headWithMappedQueryParams,1,Class1,com.github.kevinsawicki.http.HttpRequestTest.headWithMappedQueryParams,com.github.kevinsawicki.http.HttpRequestTest.customConnectionFactory
kevinsawicki/http-request,2d62a3e9da726942a93cf16b6e91c0187e6c0136,lib,com.github.kevinsawicki.http.HttpRequestTest.headWithVaragsQueryParams,1,Class1,com.github.kevinsawicki.http.HttpRequestTest.headWithVaragsQueryParams,com.github.kevinsawicki.http.HttpRequestTest.customConnectionFactory
kevinsawicki/http-request,2d62a3e9da726942a93cf16b6e91c0187e6c0136,lib,com.github.kevinsawicki.http.HttpRequestTest.postWithEscapedMappedQueryParams,1,Class1,com.github.kevinsawicki.http.HttpRequestTest.postWithEscapedMappedQueryParams,com.github.kevinsawicki.http.HttpRequestTest.customConnectionFactory
kevinsawicki/http-request,2d62a3e9da726942a93cf16b6e91c0187e6c0136,lib,com.github.kevinsawicki.http.HttpRequestTest.postWithMappedQueryParams,1,Class1,com.github.kevinsawicki.http.HttpRequestTest.postWithMappedQueryParams,com.github.kevinsawicki.http.HttpRequestTest.customConnectionFactory
kevinsawicki/http-request,2d62a3e9da726942a93cf16b6e91c0187e6c0136,lib,com.github.kevinsawicki.http.HttpRequestTest.postWithVaragsQueryParams,1,Class1,com.github.kevinsawicki.http.HttpRequestTest.postWithVaragsQueryParams,com.github.kevinsawicki.http.HttpRequestTest.customConnectionFactory
kevinsawicki/http-request,2d62a3e9da726942a93cf16b6e91c0187e6c0136,lib,com.github.kevinsawicki.http.HttpRequestTest.putWithEscapedMappedQueryParams,1,Class1,com.github.kevinsawicki.http.HttpRequestTest.putWithEscapedMappedQueryParams,com.github.kevinsawicki.http.HttpRequestTest.customConnectionFactory
kevinsawicki/http-request,2d62a3e9da726942a93cf16b6e91c0187e6c0136,lib,com.github.kevinsawicki.http.HttpRequestTest.putWithEscapedVarargsQueryParams,1,Class1,com.github.kevinsawicki.http.HttpRequestTest.putWithEscapedVarargsQueryParams,com.github.kevinsawicki.http.HttpRequestTest.customConnectionFactory
kevinsawicki/http-request,2d62a3e9da726942a93cf16b6e91c0187e6c0136,lib,com.github.kevinsawicki.http.HttpRequestTest.putWithMappedQueryParams,1,Class1,com.github.kevinsawicki.http.HttpRequestTest.putWithMappedQueryParams,com.github.kevinsawicki.http.HttpRequestTest.customConnectionFactory
kevinsawicki/http-request,2d62a3e9da726942a93cf16b6e91c0187e6c0136,lib,com.github.kevinsawicki.http.HttpRequestTest.singleSslSocketFactory,1,Class1,com.github.kevinsawicki.http.HttpRequestTest.singleSslSocketFactory,com.github.kevinsawicki.http.HttpRequestTest.customConnectionFactory
kevinsawicki/http-request,2d62a3e9da726942a93cf16b6e91c0187e6c0136,lib,com.github.kevinsawicki.http.HttpRequestTest.singleVerifier,1,Class1,com.github.kevinsawicki.http.HttpRequestTest.singleVerifier,com.github.kevinsawicki.http.HttpRequestTest.customConnectionFactory
kevinsawicki/http-request,2d62a3e9da726942a93cf16b6e91c0187e6c0136,lib,com.github.kevinsawicki.http.HttpRequestTest.verifierAccepts,1,Class1,com.github.kevinsawicki.http.HttpRequestTest.verifierAccepts,com.github.kevinsawicki.http.HttpRequestTest.customConnectionFactory
ktuukkan/marine-api,af0003847db9ba822f67d4f1dceb8de3fe63250a,.,net.sf.marineapi.ais.event.AbstractAISMessageListenerTest.testBasicListenerWithUnexpectedMessage,1,Class1,net.sf.marineapi.ais.event.AbstractAISMessageListenerTest.testBasicListenerWithUnexpectedMessage,net.sf.marineapi.nmea.parser.SentenceFactoryTest.testRegisterParserWithAlternativeBeginChar
ktuukkan/marine-api,af0003847db9ba822f67d4f1dceb8de3fe63250a,.,net.sf.marineapi.ais.event.AbstractAISMessageListenerTest.testConstructor,1,Class1,net.sf.marineapi.ais.event.AbstractAISMessageListenerTest.testConstructor,net.sf.marineapi.nmea.parser.SentenceFactoryTest.testRegisterParserWithAlternativeBeginChar
ktuukkan/marine-api,af0003847db9ba822f67d4f1dceb8de3fe63250a,.,net.sf.marineapi.ais.event.AbstractAISMessageListenerTest.testGenericsListener,1,Class1,net.sf.marineapi.ais.event.AbstractAISMessageListenerTest.testGenericsListener,net.sf.marineapi.nmea.parser.SentenceFactoryTest.testRegisterParserWithAlternativeBeginChar
ktuukkan/marine-api,af0003847db9ba822f67d4f1dceb8de3fe63250a,.,net.sf.marineapi.ais.event.AbstractAISMessageListenerTest.testGenericsListenerDefaultConstructorThrows,1,Class1,net.sf.marineapi.ais.event.AbstractAISMessageListenerTest.testGenericsListenerDefaultConstructorThrows,net.sf.marineapi.nmea.parser.SentenceFactoryTest.testRegisterParserWithAlternativeBeginChar
ktuukkan/marine-api,af0003847db9ba822f67d4f1dceb8de3fe63250a,.,net.sf.marineapi.ais.event.AbstractAISMessageListenerTest.testOnMessageWithExpectedMessage,1,Class1,net.sf.marineapi.ais.event.AbstractAISMessageListenerTest.testOnMessageWithExpectedMessage,net.sf.marineapi.nmea.parser.SentenceFactoryTest.testRegisterParserWithAlternativeBeginChar
ktuukkan/marine-api,af0003847db9ba822f67d4f1dceb8de3fe63250a,.,net.sf.marineapi.ais.event.AbstractAISMessageListenerTest.testParametrizedConstructor,1,Class1,net.sf.marineapi.ais.event.AbstractAISMessageListenerTest.testParametrizedConstructor,net.sf.marineapi.nmea.parser.SentenceFactoryTest.testRegisterParserWithAlternativeBeginChar
ktuukkan/marine-api,af0003847db9ba822f67d4f1dceb8de3fe63250a,.,net.sf.marineapi.ais.event.AbstractAISMessageListenerTest.testSequenceListener,1,Class1,net.sf.marineapi.ais.event.AbstractAISMessageListenerTest.testSequenceListener,net.sf.marineapi.nmea.parser.SentenceFactoryTest.testRegisterParserWithAlternativeBeginChar
ktuukkan/marine-api,af0003847db9ba822f67d4f1dceb8de3fe63250a,.,net.sf.marineapi.ais.event.AbstractAISMessageListenerTest.testSequenceListenerWithIncorrectOrder,1,Class1,net.sf.marineapi.ais.event.AbstractAISMessageListenerTest.testSequenceListenerWithIncorrectOrder,net.sf.marineapi.nmea.parser.SentenceFactoryTest.testRegisterParserWithAlternativeBeginChar
ktuukkan/marine-api,af0003847db9ba822f67d4f1dceb8de3fe63250a,.,net.sf.marineapi.ais.event.AbstractAISMessageListenerTest.testSequenceListenerWithMixedOrder,1,Class1,net.sf.marineapi.ais.event.AbstractAISMessageListenerTest.testSequenceListenerWithMixedOrder,net.sf.marineapi.nmea.parser.SentenceFactoryTest.testRegisterParserWithAlternativeBeginChar
ktuukkan/marine-api,af0003847db9ba822f67d4f1dceb8de3fe63250a,.,net.sf.marineapi.ais.parser.AISMessageFactoryTest.testCreate,1,Class1,net.sf.marineapi.ais.parser.AISMessageFactoryTest.testCreate,net.sf.marineapi.nmea.parser.SentenceFactoryTest.testRegisterParserWithAlternativeBeginChar
ktuukkan/marine-api,af0003847db9ba822f67d4f1dceb8de3fe63250a,.,net.sf.marineapi.ais.parser.AISMessageFactoryTest.testCreateWithIncorrectOrder,1,Class1,net.sf.marineapi.ais.parser.AISMessageFactoryTest.testCreateWithIncorrectOrder,net.sf.marineapi.nmea.parser.SentenceFactoryTest.testRegisterParserWithAlternativeBeginChar
ktuukkan/marine-api,af0003847db9ba822f67d4f1dceb8de3fe63250a,.,net.sf.marineapi.ais.parser.AISMessageFactoryTest.testCreateWithTwo,1,Class1,net.sf.marineapi.ais.parser.AISMessageFactoryTest.testCreateWithTwo,net.sf.marineapi.nmea.parser.SentenceFactoryTest.testRegisterParserWithAlternativeBeginChar
openpojo/openpojo,9badbcc4593e797accfed5e51bec9f2b843f0f67,.,com.openpojo.issues.issue112.IssueTest.shouldNotFail,1,Class1,com.openpojo.issues.issue112.IssueTest.shouldNotFail,com.openpojo.log.JavaLoggerTest.shouldTestError
openpojo/openpojo,9badbcc4593e797accfed5e51bec9f2b843f0f67,.,com.openpojo.validation.test.impl.SerializableTesterTest.shouldSkipOverNonSerializableClass,1,Class1,com.openpojo.validation.test.impl.SerializableTesterTest.shouldSkipOverNonSerializableClass,com.openpojo.log.JavaLoggerTest.shouldTestError
openpojo/openpojo,9badbcc4593e797accfed5e51bec9f2b843f0f67,.,com.openpojo.validation.utils.ValidationHelperTest.shouldReportMissingASMProperly,1,Class1,com.openpojo.validation.utils.ValidationHelperTest.shouldReportMissingASMProperly,com.openpojo.log.JavaLoggerTest.shouldLogInVariousLevels
spring-projects/spring-boot,daa3d457b71896a758995c264977bdd1414ee4d4,spring-boot-project/spring-boot,org.springframework.boot.logging.log4j2.Log4J2LoggingSystemTests.loggingThatUsesJulIsCaptured,1,Class1,org.springframework.boot.logging.log4j2.Log4J2LoggingSystemTests.loggingThatUsesJulIsCaptured,org.springframework.boot.logging.java.JavaLoggingSystemTests.withFile
spring-projects/spring-boot,daa3d457b71896a758995c264977bdd1414ee4d4,spring-boot-project/spring-boot,org.springframework.boot.SpringApplicationTests.enableBannerInLogViaProperty,1,Class1,org.springframework.boot.SpringApplicationTests.enableBannerInLogViaProperty,org.springframework.boot.logging.log4j2.Log4J2LoggingSystemTests.testNonDefaultConfigLocation
spring-projects/spring-boot,daa3d457b71896a758995c264977bdd1414ee4d4,spring-boot-project/spring-boot-actuator-autoconfigure,org.springframework.boot.actuate.autoconfigure.cloudfoundry.reactive.CloudFoundryWebFluxEndpointIntegrationTests.linksToOtherEndpointsWithFullAccess,1,Class1,org.springframework.boot.actuate.autoconfigure.cloudfoundry.reactive.CloudFoundryWebFluxEndpointIntegrationTests.linksToOtherEndpointsWithFullAccess,org.springframework.boot.actuate.autoconfigure.cloudfoundry.reactive.CloudFoundryWebFluxEndpointIntegrationTests.linksToOtherEndpointsForbidden
spring-projects/spring-boot,daa3d457b71896a758995c264977bdd1414ee4d4,spring-boot-project/spring-boot-actuator-autoconfigure,org.springframework.boot.actuate.autoconfigure.cloudfoundry.reactive.CloudFoundryWebFluxEndpointIntegrationTests.linksToOtherEndpointsWithRestrictedAccess,1,Class1,org.springframework.boot.actuate.autoconfigure.cloudfoundry.reactive.CloudFoundryWebFluxEndpointIntegrationTests.linksToOtherEndpointsWithRestrictedAccess,org.springframework.boot.actuate.autoconfigure.cloudfoundry.reactive.CloudFoundryWebFluxEndpointIntegrationTests.linksToOtherEndpointsForbidden
spring-projects/spring-boot,daa3d457b71896a758995c264977bdd1414ee4d4,spring-boot-project/spring-boot-actuator-autoconfigure,org.springframework.boot.actuate.autoconfigure.cloudfoundry.reactive.CloudFoundryWebFluxEndpointIntegrationTests.operationWithSecurityInterceptorForbidden,1,Class1,org.springframework.boot.actuate.autoconfigure.cloudfoundry.reactive.CloudFoundryWebFluxEndpointIntegrationTests.operationWithSecurityInterceptorForbidden,org.springframework.boot.actuate.autoconfigure.cloudfoundry.reactive.CloudFoundryWebFluxEndpointIntegrationTests.linksToOtherEndpointsForbidden
spring-projects/spring-boot,daa3d457b71896a758995c264977bdd1414ee4d4,spring-boot-project/spring-boot-actuator-autoconfigure,org.springframework.boot.actuate.autoconfigure.cloudfoundry.reactive.CloudFoundryWebFluxEndpointIntegrationTests.operationWithSecurityInterceptorSuccess,1,Class1,org.springframework.boot.actuate.autoconfigure.cloudfoundry.reactive.CloudFoundryWebFluxEndpointIntegrationTests.operationWithSecurityInterceptorSuccess,org.springframework.boot.actuate.autoconfigure.cloudfoundry.reactive.CloudFoundryWebFluxEndpointIntegrationTests.linksToOtherEndpointsForbidden
spring-projects/spring-boot,daa3d457b71896a758995c264977bdd1414ee4d4,spring-boot-project/spring-boot-actuator-autoconfigure,org.springframework.boot.actuate.autoconfigure.cloudfoundry.servlet.CloudFoundryMvcWebEndpointIntegrationTests.operationWithSecurityInterceptorForbidden,1,Class1,org.springframework.boot.actuate.autoconfigure.cloudfoundry.servlet.CloudFoundryMvcWebEndpointIntegrationTests.operationWithSecurityInterceptorForbidden,org.springframework.boot.actuate.autoconfigure.cloudfoundry.servlet.CloudFoundryMvcWebEndpointIntegrationTests.linksToOtherEndpointsForbidden
spring-projects/spring-boot,daa3d457b71896a758995c264977bdd1414ee4d4,spring-boot-project/spring-boot-actuator-autoconfigure,org.springframework.boot.actuate.autoconfigure.cloudfoundry.servlet.CloudFoundryMvcWebEndpointIntegrationTests.operationWithSecurityInterceptorSuccess,1,Class1,org.springframework.boot.actuate.autoconfigure.cloudfoundry.servlet.CloudFoundryMvcWebEndpointIntegrationTests.operationWithSecurityInterceptorSuccess,org.springframework.boot.actuate.autoconfigure.cloudfoundry.servlet.CloudFoundryMvcWebEndpointIntegrationTests.linksToOtherEndpointsForbidden
spring-projects/spring-data-envers,5637994be37747e82b2d6d5b34555e2bee791fe6,.,org.springframework.data.envers.repository.support.QueryDslRepositoryIntegrationTests.testWithQueryDsl,1,Class1,org.springframework.data.envers.repository.support.QueryDslRepositoryIntegrationTests.testWithQueryDsl,org.springframework.data.envers.repository.support.RepositoryIntegrationTests.testLifeCycle
spring-projects/spring-data-envers,5637994be37747e82b2d6d5b34555e2bee791fe6,.,org.springframework.data.envers.repository.support.QueryDslRepositoryIntegrationTests.testWithRevisions,1,Class1,org.springframework.data.envers.repository.support.QueryDslRepositoryIntegrationTests.testWithRevisions,org.springframework.data.envers.repository.support.RepositoryIntegrationTests.testLifeCycle
spring-projects/spring-ws,e8d89c9eb0929dda304174729c9c69fb29f448eb,spring-ws-security,org.springframework.ws.soap.security.xwss.callback.SpringDigestPasswordValidationCallbackHandlerTest.testAuthenticateUserDigestUserNotFound,1,Class1,org.springframework.ws.soap.security.xwss.callback.SpringDigestPasswordValidationCallbackHandlerTest.testAuthenticateUserDigestUserNotFound,org.springframework.ws.soap.security.wss4j2.callback.SpringSecurityPasswordValidationCallbackHandlerTest.testHandleUsernameTokenPrincipal
spring-projects/spring-ws,e8d89c9eb0929dda304174729c9c69fb29f448eb,spring-ws-security,org.springframework.ws.soap.security.xwss.callback.SpringDigestPasswordValidationCallbackHandlerTest.testAuthenticateUserDigestValidInvalid,1,Class1,org.springframework.ws.soap.security.xwss.callback.SpringDigestPasswordValidationCallbackHandlerTest.testAuthenticateUserDigestValidInvalid,org.springframework.ws.soap.security.wss4j2.callback.SpringSecurityPasswordValidationCallbackHandlerTest.testHandleUsernameTokenPrincipal
tbsalling/aismessages,7b0c4c708b6bb9a6da3d5737bcad1857ade8a931,.,dk.tbsalling.aismessages.nmea.NMEAMessageHandlerTest.canHandleFragmentedMessageReceived,1,Class1,dk.tbsalling.aismessages.nmea.NMEAMessageHandlerTest.canHandleFragmentedMessageReceived,dk.tbsalling.aismessages.nmea.NMEAMessageHandlerTest.canFlushUnhandled
tbsalling/aismessages,7b0c4c708b6bb9a6da3d5737bcad1857ade8a931,.,dk.tbsalling.aismessages.nmea.NMEAMessageHandlerTest.canHandleUnfragmentedMessageReceived,1,Class1,dk.tbsalling.aismessages.nmea.NMEAMessageHandlerTest.canHandleUnfragmentedMessageReceived,dk.tbsalling.aismessages.nmea.NMEAMessageHandlerTest.canFlushUnhandled
tools4j/unix4j,367da7d262e682a08577cdf19ebbbdd8a46870fe,unix4j-core/unix4j-command,org.unix4j.unix.FindFileTimeDependentTest.find_fileCreatedBeforeNow,1,Class1,org.unix4j.unix.FindFileTimeDependentTest.find_fileCreatedBeforeNow,org.unix4j.unix.FindFileTimeDependentTest.find_fileCreatedAfterTime
vmware/admiral,e4b02936cc7d4ff2714e7231db0c4373ba5d48a2,request,com.vmware.admiral.request.kubernetes.RequestBrokerKubernetesServiceTest.testRequestStateHasK8sInfo,1,Class1,com.vmware.admiral.request.kubernetes.RequestBrokerKubernetesServiceTest.testRequestStateHasK8sInfo,com.vmware.admiral.request.kubernetes.RequestBrokerKubernetesServiceTest.testRequestLifeCycleOnSpecificGroupPlacement
wikidata/wikidata-toolkit,20de6f7f12319f54eb962ff6e8357b3f5695d54d,wdtk-util,org.wikidata.wdtk.util.DirectoryManagerFactoryTest.createDefaultDirectoryManagerPath,1,Class1,org.wikidata.wdtk.util.DirectoryManagerFactoryTest.createDefaultDirectoryManagerPath,org.wikidata.wdtk.util.DirectoryManagerFactoryTest.createDirectoryManagerNoConstructor
wikidata/wikidata-toolkit,20de6f7f12319f54eb962ff6e8357b3f5695d54d,wdtk-util,org.wikidata.wdtk.util.DirectoryManagerFactoryTest.createDirectoryManagerIoException,1,Class1,org.wikidata.wdtk.util.DirectoryManagerFactoryTest.createDirectoryManagerIoException,org.wikidata.wdtk.util.DirectoryManagerFactoryTest.createDirectoryManagerNoConstructor
wildfly/wildfly,b19048b72669fc0e96665b1b125dc1fda21f5993,naming,org.jboss.as.naming.InitialContextFactoryTestCase.testInitialFactory,1,Class1,org.jboss.as.naming.InitialContextFactoryTestCase.testInitialFactory,org.jboss.as.naming.WritableServiceBasedNamingStoreTestCase.testPermissions
wildfly/wildfly,b19048b72669fc0e96665b1b125dc1fda21f5993,naming,org.jboss.as.naming.InitialContextFactoryTestCase.testJavaContext,1,Class1,org.jboss.as.naming.InitialContextFactoryTestCase.testJavaContext,org.jboss.as.naming.WritableServiceBasedNamingStoreTestCase.testPermissions
wildfly/wildfly,b19048b72669fc0e96665b1b125dc1fda21f5993,naming,org.jboss.as.naming.InitialContextTestCase.testRegisterURLSchemeHandler,1,Class1,org.jboss.as.naming.InitialContextTestCase.testRegisterURLSchemeHandler,org.jboss.as.naming.WritableServiceBasedNamingStoreTestCase.testPermissions
wildfly/wildfly,b19048b72669fc0e96665b1b125dc1fda21f5993,naming,org.jboss.as.naming.NamingEventCoordinatorTestCase.testFireAllEvent,1,Class1,org.jboss.as.naming.NamingEventCoordinatorTestCase.testFireAllEvent,org.jboss.as.naming.WritableServiceBasedNamingStoreTestCase.testPermissions
wildfly/wildfly,b19048b72669fc0e96665b1b125dc1fda21f5993,naming,org.jboss.as.naming.NamingEventCoordinatorTestCase.testFireMultiLevelEvent,1,Class1,org.jboss.as.naming.NamingEventCoordinatorTestCase.testFireMultiLevelEvent,org.jboss.as.naming.WritableServiceBasedNamingStoreTestCase.testPermissions
wildfly/wildfly,b19048b72669fc0e96665b1b125dc1fda21f5993,naming,org.jboss.as.naming.NamingEventCoordinatorTestCase.testFireObjectEvent,1,Class1,org.jboss.as.naming.NamingEventCoordinatorTestCase.testFireObjectEvent,org.jboss.as.naming.WritableServiceBasedNamingStoreTestCase.testPermissions
wildfly/wildfly,b19048b72669fc0e96665b1b125dc1fda21f5993,naming,org.jboss.as.naming.NamingEventCoordinatorTestCase.testFireOneLevelEvent,1,Class1,org.jboss.as.naming.NamingEventCoordinatorTestCase.testFireOneLevelEvent,org.jboss.as.naming.WritableServiceBasedNamingStoreTestCase.testPermissions
wildfly/wildfly,b19048b72669fc0e96665b1b125dc1fda21f5993,naming,org.jboss.as.naming.NamingEventCoordinatorTestCase.testFireSubTreeEvent,1,Class1,org.jboss.as.naming.NamingEventCoordinatorTestCase.testFireSubTreeEvent,org.jboss.as.naming.WritableServiceBasedNamingStoreTestCase.testPermissions
wildfly/wildfly,b19048b72669fc0e96665b1b125dc1fda21f5993,naming,org.jboss.as.naming.ServiceBasedNamingStoreTestCase.testListBindings,1,Class1,org.jboss.as.naming.ServiceBasedNamingStoreTestCase.testListBindings,org.jboss.as.naming.WritableServiceBasedNamingStoreTestCase.testPermissions
wildfly/wildfly,b19048b72669fc0e96665b1b125dc1fda21f5993,naming,org.jboss.as.naming.ServiceBasedNamingStoreTestCase.testLookupBinding,1,Class1,org.jboss.as.naming.ServiceBasedNamingStoreTestCase.testLookupBinding,org.jboss.as.naming.WritableServiceBasedNamingStoreTestCase.testPermissions
wildfly/wildfly,b19048b72669fc0e96665b1b125dc1fda21f5993,naming,org.jboss.as.naming.ServiceBasedNamingStoreTestCase.testLookupBindingUsingNestedContext,1,Class1,org.jboss.as.naming.ServiceBasedNamingStoreTestCase.testLookupBindingUsingNestedContext,org.jboss.as.naming.WritableServiceBasedNamingStoreTestCase.testPermissions
wildfly/wildfly,b19048b72669fc0e96665b1b125dc1fda21f5993,naming,org.jboss.as.naming.ServiceBasedNamingStoreTestCase.testStoredContext,1,Class1,org.jboss.as.naming.ServiceBasedNamingStoreTestCase.testStoredContext,org.jboss.as.naming.WritableServiceBasedNamingStoreTestCase.testPermissions
wildfly/wildfly,b19048b72669fc0e96665b1b125dc1fda21f5993,naming,org.jboss.as.naming.subsystem.NamingSubsystemTestCase.testCompositeBindingOps,1,Class1,org.jboss.as.naming.subsystem.NamingSubsystemTestCase.testCompositeBindingOps,org.jboss.as.naming.WritableServiceBasedNamingStoreTestCase.testPermissions
wildfly/wildfly,b19048b72669fc0e96665b1b125dc1fda21f5993,naming,org.jboss.as.naming.subsystem.NamingSubsystemTestCase.testCompositeBindingUpdate,1,Class1,org.jboss.as.naming.subsystem.NamingSubsystemTestCase.testCompositeBindingUpdate,org.jboss.as.naming.WritableServiceBasedNamingStoreTestCase.testPermissions
wildfly/wildfly,b19048b72669fc0e96665b1b125dc1fda21f5993,naming,org.jboss.as.naming.subsystem.NamingSubsystemTestCase.testOnlyExternalContextAllowsCache,1,Class1,org.jboss.as.naming.subsystem.NamingSubsystemTestCase.testOnlyExternalContextAllowsCache,org.jboss.as.naming.WritableServiceBasedNamingStoreTestCase.testPermissions
wildfly/wildfly,b19048b72669fc0e96665b1b125dc1fda21f5993,naming,org.jboss.as.naming.subsystem.NamingSubsystemTestCase.testRejectionsEAP6,1,Class1,org.jboss.as.naming.subsystem.NamingSubsystemTestCase.testRejectionsEAP6,org.jboss.as.naming.WritableServiceBasedNamingStoreTestCase.testPermissions
wildfly/wildfly,b19048b72669fc0e96665b1b125dc1fda21f5993,naming,org.jboss.as.naming.subsystem.NamingSubsystemTestCase.testRejectionsEAP7,1,Class1,org.jboss.as.naming.subsystem.NamingSubsystemTestCase.testRejectionsEAP7,org.jboss.as.naming.WritableServiceBasedNamingStoreTestCase.testPermissions
wildfly/wildfly,b19048b72669fc0e96665b1b125dc1fda21f5993,naming,org.jboss.as.naming.subsystem.NamingSubsystemTestCase.testSubsystem,1,Class1,org.jboss.as.naming.subsystem.NamingSubsystemTestCase.testSubsystem,org.jboss.as.naming.WritableServiceBasedNamingStoreTestCase.testPermissions
wildfly/wildfly,b19048b72669fc0e96665b1b125dc1fda21f5993,naming,org.jboss.as.naming.WritableServiceBasedNamingStoreTestCase.testBind,1,Class1,org.jboss.as.naming.WritableServiceBasedNamingStoreTestCase.testBind,org.jboss.as.naming.WritableServiceBasedNamingStoreTestCase.testPermissions
wildfly/wildfly,b19048b72669fc0e96665b1b125dc1fda21f5993,naming,org.jboss.as.naming.WritableServiceBasedNamingStoreTestCase.testBindNested,1,Class1,org.jboss.as.naming.WritableServiceBasedNamingStoreTestCase.testBindNested,org.jboss.as.naming.WritableServiceBasedNamingStoreTestCase.testPermissions
wildfly/wildfly,b19048b72669fc0e96665b1b125dc1fda21f5993,naming,org.jboss.as.naming.WritableServiceBasedNamingStoreTestCase.testRebind,1,Class1,org.jboss.as.naming.WritableServiceBasedNamingStoreTestCase.testRebind,org.jboss.as.naming.WritableServiceBasedNamingStoreTestCase.testPermissions
zalando/riptide,8277e11fc069d8e24df0d233ef2577cc75659b75,riptide-spring-boot-starter,org.zalando.riptide.spring.metrics.MetricsTest.shouldRecordRequests,1,Class1,org.zalando.riptide.spring.metrics.MetricsTest.shouldRecordRequests,org.zalando.riptide.spring.metrics.MetricsTest.shouldRecordCircuitBreakers
zalando/riptide,8277e11fc069d8e24df0d233ef2577cc75659b75,riptide-spring-boot-starter,org.zalando.riptide.spring.metrics.MetricsTest.shouldRecordRetries,1,Class1,org.zalando.riptide.spring.metrics.MetricsTest.shouldRecordRetries,org.zalando.riptide.spring.metrics.MetricsTest.shouldRecordCircuitBreakers
AVG,,1.06,Class0(1.16); Class1(1.05),
